{"cameraMode":{"drawMode":0,"name":"Shaded","section":"Shading Mode"},"sceneLighting":true,"audioPlay":false,"sceneViewState":{"m_AlwaysRefresh":false,"showFog":true,"showSkybox":true,"showFlares":true,"showImageEffects":true,"showParticleSystems":true,"showVisualEffectGraphs":true,"m_FxEnabled":true},"in2DMode":false,"pivot":{"x":-1.3439048528671265,"y":2.354097604751587,"z":-2.433154344558716},"rotation":{"x":-0.007291735615581274,"y":0.9927054643630981,"z":-0.0838933065533638,"w":-0.08628308773040772},"size":3.2851827144622804,"orthographic":false}