{"cameraMode":{"drawMode":0,"name":"Shaded","section":"Shading Mode"},"sceneLighting":true,"audioPlay":false,"sceneViewState":{"m_AlwaysRefresh":false,"showFog":true,"showSkybox":true,"showFlares":true,"showImageEffects":true,"showParticleSystems":true,"showVisualEffectGraphs":true,"m_FxEnabled":true},"in2DMode":false,"pivot":{"x":-2.1373672485351564,"y":3.79518985748291,"z":0.48780345916748049},"rotation":{"x":0.011638760566711426,"y":-0.09375857561826706,"z":-0.0010960790095850826,"w":-0.9955281615257263},"size":0.8660253286361694,"orthographic":false}